12B8Li6He,,10C11Be,,Reactor,,Th,,U,,hep,
X,Y,X,Y,X,Y,X,Y,X,Y,X,Y
2.0224752157425705,2211.1131512009983,2.0149748390709297,1851.5763796627816,2.0149748390709297,1407.3979382939883,2.0149748390709297,1178.5179683259842,2.013104095071533,839.8176202591527,2.01559880664679,1.630579384848485
2.0300035111996597,2211.0552828817235,2.0300035111996597,1851.479463581458,2.0300035111996597,1407.3242716094592,2.0300035111996597,1178.4562817844437,2.0394532996694434,839.7406950438971,2.013104095071533,1.6305936100416132
2.037559829364789,2210.9974160769543,2.045144274547383,1851.3825525729612,2.045144274547383,1407.2506087808274,2.045144274547383,1178.3945984717302,2.064229131243343,925.0224626883404,2.028118814272585,1.6305082607443049
2.045144274547383,2210.93955078665,2.060397965145472,1851.285646637028,2.060397965145472,1407.1769498078888,2.060397965145472,1178.3329183876724,2.069989241626906,925.004305656112,2.035668116996831,1.6304655877709378
2.052756951445139,2210.881687010772,2.075765425260831,1851.188745773389,2.075765425260831,1407.1032946904427,2.075765425260831,1178.2712415321025,2.079625166077373,924.9740447277287,2.0451442745473836,1.630412248124753
2.060397965145472,2210.8238247492804,2.0912475034424043,1851.0918499817806,2.0912475034424043,1407.0296434282873,2.087366191810774,1178.2249860090187,2.0893059463358545,924.9437847893124,2.0565739096117577,1.630348242852691
2.0680674211269667,2210.765964002135,2.102934794207707,1851.0191814664345,2.102934794207707,1406.974407511584,2.0990317912088354,1178.1787323017932,2.0996817882971457,924.9115086127944,2.062312658548114,2.0434996456990464
2.075765425260831,2210.7081047692973,2.114687401376357,1216.754943352278,2.114687401376357,749.864895337858,2.114687401376357,551.8786944203007,2.0970830070097453,924.9195775513334,2.0719128480425253,1.6302629063985075
2.0834920838123607,2210.6502470507266,2.1304597787747244,1216.6912553930158,2.1304597787747244,749.8256455569821,2.1304597787747244,551.8498077262298,2.114687401376357,368.68902881260686,2.087366191810774,1.6301775744110447
2.0912475034424043,2210.5923908463838,2.146349794311303,1216.6275707673374,2.146349794311303,749.7863978305357,2.1443570791068964,551.8245331092329,2.131119508016923,368.6689266527851,2.1029347942077075,1.630092246890069
2.0990317912088354,2210.5345361562313,2.1623583253891128,1216.5638894750698,2.1623583253891128,749.7471521584124,2.158345033559107,551.7992596498093,2.1284818161868957,368.6721429247013,2.118619514888795,1.6300069238353465
2.104889016374866,2210.4911461322786,2.1784862559552765,1216.5002115160382,2.172424233481423,749.7226246564987,2.174443031023427,551.7703771135499,2.146349794311303,368.6504336337702,2.134421219921238,1.6299216052466434
2.1107625857843653,1575.1654863800436,2.1926968400133013,1216.4444960360445,2.1825369989814685,749.6980979569861,2.1906610952603587,551.7414960890738,2.1630279325009596,368.6303335782864,2.1503407818317926,1.629836291123726
2.118619514888794,1575.1242618143883,2.202903975716354,1216.4047008269283,2.198815432007282,749.658856906697,2.202903975716354,551.7198363127775,2.1603507475358668,368.6335495135165,2.1663790796549494,1.629750981466364
2.1265056899801325,1575.0830383276434,2.215215277582756,954.8848259466313,2.209051050124162,484.8991038813629,2.215215277582756,294.0460999885632,2.1784862559552765,368.61184249516145,2.1825369989814685,1.629665676274317
2.1344212199212373,1575.041815919782,2.231737441262326,954.8348449161631,2.2172738401270653,484.88641330686914,2.2275953832442017,294.03455658863425,2.1886272405346294,368.59978359284196,2.198815432007282,1.6295803755473541
2.1423662139801873,1575.0005945907762,2.248382835354496,954.7848665018254,2.2275953832442017,484.8705505558123,2.2400446772223486,294.0230136418659,2.198815432007282,368.5877250850218,2.2152152775827565,1.629495079285242
2.150340781831792,1574.9593743405978,2.2651523789722154,954.7348907034814,2.2338113575772804,484.86103315427,2.2567520307609192,294.00762375106035,2.213158626250167,129.13503986866152,2.2317374412623265,1.6294097874877471
2.158345033559107,1574.9181551692182,2.2820469980836298,954.684917520995,2.2442098838330455,484.8451712335087,2.271473153900245,293.9941582574056,2.221396705956721,129.13166020095315,2.2483828353544966,1.6293245001546355
2.1663790796549494,1574.8769370766092,2.299067625563209,954.6349469542275,2.2567520307609192,484.82613761355816,2.2862903050761156,293.9806933804679,2.2317374412623265,129.12743574070203,2.2651523789722163,1.6292392172856736
2.174443031023427,1574.835720062743,2.3162152012432604,799.3443214879655,2.269364271600549,484.8071047408124,2.301204110693441,293.9672291202188,2.2442098838330455,129.1223665708249,2.2827536686116106,1.629150385710622
2.1825369989814685,1574.7945041275907,2.3334906719658206,809.0337959469158,2.2862903050761156,484.78172873942003,2.3162152012432604,175.40592452755374,2.2504722199560594,129.11983206051227,2.2799282988099585,1.6291645984371486
2.1886272405346294,1574.7635928841166,2.3508949916349406,812.2613065454956,2.301204110693441,484.75952582777734,2.3334906719658206,175.39674334819063,2.2609483035285165,129.1156079872111,2.299067625563209,1.6290686649392643
2.1947344765498285,1574.7326822473917,2.3684291212693562,808.9491045088765,2.3097699236722704,329.10835546461834,2.3508949916349406,175.38756264939315,2.2756967995680526,129.10969451674427,2.3162152012432604,1.602910673973
2.202903975716354,1574.6914690089018,2.3860940290555526,799.1769760024076,2.3140647795084486,329.10404879401887,2.3684291212693562,175.37838243113626,2.284167666229136,129.10631551236372,2.333490671965821,1.602826773668949
2.211103884354889,1297.466250045945,2.403890690401225,799.1351451054221,2.3226784639834834,329.0954356218892,2.3860940290555526,175.36920269339453,2.28841491645591,129.1046260433363,2.350894991634941,1.6027428777564439
2.2193343156591507,1297.432293307383,2.42182008798914,773.7182220085183,2.3313242113293984,329.0868226751795,2.403890690401225,170.4777700351785,2.299067625563209,129.10040246749048,2.3684291212693567,1.602658986235258
2.2275953832442017,1297.3983374575225,2.4398832118313925,773.6777236856032,2.3378296348765617,329.0803631130756,2.42182008798914,156.62334910581205,2.311916354269315,20.515125570447353,2.386094029055553,1.6025750991051615
2.2358872011480138,1297.3643824963403,2.4580810593240754,773.6372274824708,2.346531779695295,329.0717505608372,2.437617974177176,156.61617578599586,2.3183676213290596,20.51472288423036,2.4038906904012256,1.6024912163659246
2.2442098838330455,1297.3304284238131,2.476414635302352,773.5967333990092,2.3552663166624193,329.0631382340029,2.4535189122844066,156.60900279471636,2.3291597620794997,20.514051758100212,2.42182008798914,1.6024073380173176
2.2525635461878215,1297.2964752399173,2.4948849520959393,773.5562414351078,2.3640333663518045,329.0545261325671,2.471818461529082,156.60080549266738,2.3421766657857606,20.5132464357252,2.4398832118313925,1.6023234640591106
2.2609483035285165,1297.26252294463,2.513493029585007,736.965491220397,2.377245167100377,329.0416084030216,2.490254497800975,156.59260861968542,2.348712372470902,20.51284378639327,2.458081059324076,1.6022395944910737
2.269364271600549,1297.2285715379278,2.53223989525649,725.1320203074257,2.39053080423447,329.02869118058885,2.508828039087377,149.18546648759835,2.3596457698634503,20.512172721736636,2.4764146353023526,1.6021557293129771
2.277811566580181,1297.1946210197889,2.5511265842608286,725.0940651063219,2.397201440308385,329.0222327595333,2.5251934908496367,142.129626872753,2.37503808389258,20.511233268098966,2.49488495209594,1.6020718685245945
2.2862903050761156,1297.1606713901872,2.5701541394691216,725.0561118918863,2.4083605572288223,316.00408434115747,2.5416656968442344,142.12311736267844,2.383878730382687,20.510696456767157,2.5134930295850073,1.6019880121256893
2.2948006041311144,1297.1267226491009,2.589323611530713,725.0181606640157,2.419571620509857,303.50101414962813,2.560622688106877,142.1156782876548,2.3883113863684606,20.510428056369726,2.5322398952564904,1.601904160116035
2.3033425812236064,1297.0927747965068,2.608636058931206,701.9585681203479,2.4308348719649238,303.4910853067054,2.57972106992225,142.1082396020107,2.399429119552981,20.509757070742168,2.551126584260829,1.6018203124954022
2.3119163542693144,1121.743714930206,2.6280925480509096,679.632398319902,2.448965232494234,303.4751998336419,2.5965489672799555,142.10173107146912,2.418073802045208,12.844703286194571,2.5701541394691216,1.601736469263561
2.3205220416228802,1121.7143571275965,2.64769415322372,679.5968246814024,2.460365312981409,303.4652718352181,2.6062141476699696,142.09801204499658,2.4150809461832705,12.844815343532385,2.589323611530713,1.6016526304202816
2.3291597620794997,1121.685000093327,2.6674419567964445,679.5612529049142,2.467230818158214,303.45931519206306,2.6134866354701685,131.0819201988256,2.435354839616094,12.844058975473121,2.6086360589312063,1.5887001275114685
2.3378296348765617,1121.6556438273776,2.687337049188564,679.5256829903407,2.481019355339712,303.4474022565147,2.62809254805091,131.0767743015382,2.454278681696084,12.843358674389778,2.62809254805091,1.5758523709929875
2.346531779695295,1121.626288329728,2.7073805289524433,660.5722175766515,2.4948849520959393,303.4354897886338,2.6476941532237204,131.0699134193963,2.451241014966007,12.843470719997184,2.647694153223721,1.5757698869873484
2.3552663166624193,1121.5969336003577,2.7284181374138097,616.7589266258309,2.5018467823021178,303.429533730063,2.6674419567964445,131.06305289636975,2.471818461529082,12.842714431116192,2.6674419567964454,1.5756874072991258
2.3640333663518045,1121.5675796392486,2.7250411676085577,616.7643072377331,2.513493029585007,275.42263093147164,2.687337049188564,131.05619273243997,2.491025642944894,12.842014203341934,2.687337049188564,1.5756049319280971
2.372833049786135,1121.5382264463776,2.747917085833769,616.7279890183106,2.527540110968232,266.66615558121106,2.699846764822916,131.05190531232935,2.487942494410958,12.842126237220134,2.7073805289524433,1.57552246087403
2.38166548843858,1121.508874021726,2.768412401268562,616.6957079519744,2.5416656968442344,266.65568703875664,2.712414713936132,127.91401374280939,2.508828039087377,12.234588049183388,2.727573502833991,1.5754399941367014
2.39053080423447,1121.4795223652736,2.789060580833404,616.663428575309,2.560622688106877,266.641729621426,2.732645235242137,124.84880481010316,2.5205067845405944,11.656096472426853,2.747917085833769,1.5753575317158854
2.399429119552981,1121.4501714770004,2.8020438256272575,616.6432548228901,2.5725425407672495,266.63300660658706,2.753026645713509,124.8422699152681,2.53223989525649,11.65571515063362,2.7684124012685625,1.5752750736113565
2.4083605572288223,1094.6054610390997,2.8150875082067004,566.5408900523285,2.584517881058855,266.6242838771162,2.7735600707557606,124.83573536248561,2.5487580659762994,11.655181321080484,2.789060580833405,1.5751926198228883
2.417325240553934,1068.4033457844926,2.8360838136464386,550.7388189403235,2.5989618968505477,266.6138169784236,2.7864711597426908,124.8316514406872,2.558245353444623,11.654876286598856,2.8098627646640666,1.575110170350255
2.4263232932791867,1068.3753839834899,2.8572367198457753,550.7099919101504,2.6134866354701685,250.95051481406708,2.799442350625587,124.82756765249158,2.5701541394691216,11.654495004723229,2.8308201014000103,1.575027725193231
2.4353548396160933,1068.3474229142919,2.878547394810099,550.6811663888551,2.630534790544063,245.92859531159533,2.8150875082067004,117.0210828136096,2.5845178810588556,11.654037482937323,2.851933748247816,1.5749452843515899
2.4444200042385194,1068.319462576879,2.9000170152563562,550.6523423763588,2.645235979626047,245.9189408658137,2.8308201014000094,117.01648890415443,2.591729826698933,11.65380872877977,2.873204871045081,1.5748628478251063
2.451241014966007,1068.2984928040423,2.9216467666780277,453.6978484008049,2.657549712248782,245.910895783848,2.8492859544179585,117.01112957105697,2.6037944849608587,11.19271219314992,2.8946346443247895,1.5747804156135572
2.4580810593240754,1068.2775234428163,2.9407050953005918,453.67706912501313,2.6724018787949095,245.9012420328987,2.867872262892441,117.00577048341609,2.6207794167212537,9.916545784292559,2.91622425138017,1.555757022788133
2.4649401904249544,1068.2565544931913,2.959887744184601,453.6562908009083,2.684842070312578,245.89319752993904,2.889262262961108,116.99964611237093,2.630534790544063,9.916286252645687,2.937974884330035,1.54941302789654
2.471818461529082,1068.2355859551617,2.9819640409118136,453.6325453100632,2.6948359056899456,245.88676211705462,2.9054093943307135,116.99505304445856,2.6427800882471972,9.91596184763883,2.959887744184602,1.5493319277914268
2.481019355339712,1068.2076285446985,3.00141582792472,453.6117690251407,2.7073805289524433,243.90307288859847,2.9216467666780277,99.5582109181259,2.660019328792437,9.91550769845848,2.9819640409118144,1.5492508319312934
2.490254497800975,1068.1796718659248,3.0209945017856237,361.87760806101306,2.7225111834551265,230.50191854701117,2.9434378434105857,99.55299979544601,2.6699207660376723,9.915248193979954,3.00420499350415,1.5429333676874495
2.4995240163972303,1068.1517159188215,3.0435265627273704,361.85866649312675,2.737726398182438,230.4928697079679,2.9571397236490826,99.54974298228436,2.679859059578822,9.914988696293069,3.026611830045933,1.5242946881192048
2.5064987916403947,1068.1307494386417,3.0662266788476296,361.83972591668925,2.7453658632083124,230.48834542165864,2.9709053869643958,99.54648627566738,2.6948359056899456,9.91459946249669,3.0491857877811417,1.524214902770041
2.513493029585007,1001.3514863480613,3.089096103584473,361.820786331648,2.753026645713509,230.4838212241557,2.9847351302705847,99.54322967559138,2.704866941298438,9.914339981788132,3.0719281131817286,1.5241351215970391
2.522849049381325,1001.3252793999967,3.1121360997247303,356.01102210011834,2.760708805183204,230.4792971154568,2.9986292518638624,99.53997318205309,2.7098964524414577,9.7555281830163,3.0948400620164467,1.5240553445999812
2.53223989525649,1001.2990731378094,3.1324370180914416,350.29683735685364,2.7735600707557606,230.47175713163057,3.012588051429029,75.65865040221462,2.7225111834551274,7.7827641235808445,3.1179228994201877,1.5056447120949332
2.5416656968442344,1001.2728675614824,3.1421506134298283,350.2891974894921,2.7864711597426908,230.4642173944701,3.026611830045933,75.65617527751792,2.737726398182438,7.782458594757875,3.141177899963843,1.499505062893822
2.5511265842608286,1001.2466626709955,3.164606347724677,350.27162642688944,2.791652408229872,230.46120156867048,3.0491857877811417,75.65221524642429,2.745365863208313,7.782305834844228,3.164606347724677,1.4994265750948756
2.560622688106877,1001.220458466332,3.1882095363572365,350.25329234475,2.804647718136181,224.94306537843124,3.063379931062487,75.64974033224964,2.7581457064629444,7.782051241651434,3.1882095363572365,1.4993480914041746
2.5701541394691216,1001.1942549474738,3.206027385182295,350.2395424129192,2.8255661584934284,209.17841215194667,3.077640148934728,75.6472654990403,2.7735600707557606,7.781745740814132,3.211988769164777,1.4992696118215036
2.57972106992225,1001.1680521144032,3.217961237924372,241.6490375570535,2.8466406188542397,209.16746323715947,3.100594700937909,76.8737093997689,2.7812995275443457,7.781592994892931,3.23594535917123,1.4991911363466481
2.589323611530713,1001.141849967102,3.2269407701187016,241.6442942891442,2.8598919021890996,209.16062045644307,3.1179228994201873,76.8706915601456,2.7864711597426917,7.781491165944458,3.260080629193705,1.4991126649793927
2.5989618968505477,1001.1156485055523,3.24196237353658,241.63638904952612,2.870537328668213,209.15514639304757,3.1353479394737134,76.86767383899398,2.799442350625588,7.78123659940304,3.2843959119155315,1.4990341977195223
2.608636058931206,961.5116312784658,3.266142521407819,241.62374120405286,2.890156966922313,209.14511098224392,3.158732904525469,76.8636503950731,2.8150875082067004,5.634882186482761,3.308892549959846,1.4989557345668223
2.618346231317393,923.4743443116291,3.29050301669945,241.61109402059935,2.886579812571996,209.14693556657502,3.1793377806562684,76.86013005439794,2.8229428448751124,5.634771580803882,3.333571895963726,1.4988772755210775
2.6280925480509096,923.4501755312256,3.308892549959845,241.60160906743843,2.9054093943307135,209.13735667641595,3.2000770654038138,76.8566098749538,2.8360838136464395,5.634587242830296,3.3584353126528823,1.4987988205820761
2.6378751436725016,923.4260073833582,3.3273848562406023,158.81518414184026,2.9216467666780277,175.11923969891834,3.223944812072451,48.9162400744662,2.8545840026282394,5.634329179798463,3.3834841729169054,1.4987203697495968
2.64769415322372,923.4018398680083,3.352202126948358,158.80687136281003,2.9434378434105857,175.11007352534747,3.247990576119855,48.91367967763182,2.8652096714184383,5.634181720515478,3.4087198598850668,1.4926089563152656
2.657549712248782,923.3776729851605,3.3678068295180115,158.80167609687265,2.9663097272177725,175.10052593806017,3.272215685287083,48.91111941481493,2.8785473948100995,5.633997401838797,3.4341437670026984,1.474578197087374
2.6674419567964445,923.3535067347981,3.3834841729169054,158.79648100089494,2.9626383184096876,175.10205351704326,3.296621477218134,48.90855928600857,2.8946346443247895,5.63377622738619,3.4597572981081304,1.4745010140221564
2.6773710234218804,923.3293411169046,3.40555513440073,158.78920815204827,2.9819640409118136,175.09403387605408,3.3119674485195563,48.12417810369382,2.902711952613407,5.633665643415903,3.485561867510209,1.4744238349968908
2.687337049188564,923.3051761314634,3.4277700679902097,116.85887402024058,2.9986292518638624,175.08716019040318,3.3273848562406023,32.14886934494018,2.9081093427355382,5.633591921974947,3.5115589000663916,1.4743466600113662
2.697340171670165,923.2810117784582,3.450129912836418,116.85352190587506,3.012588051429029,144.2620343555905,3.345980509906146,32.1476072732578,2.9216467666780277,3.8868916664448507,3.53774983126142,1.474269489065371
2.7073805289524433,915.8384428633221,3.462972392757557,116.8504636648664,3.026611830045933,144.25731491475813,3.3646800885308377,32.1463452511207,2.937974884330035,3.8867390783133073,3.5641361072865902,1.4741923221586937
2.717458259635161,838.0446385168347,3.4790927375784975,116.84664097615997,3.046354861109041,144.250707956973,3.3897755254008644,32.14466263200499,2.946173131017739,3.8866627864938597,3.5907191851196,1.474115159291126
2.727573502833991,838.0227055666002,3.501787367695107,116.84128942206567,3.0662266788476296,144.24410130178526,3.4087198598850668,32.14340072546603,2.959887744184602,3.8865356367892443,3.6175005326050034,1.4563078056645047
2.737726398182438,838.0007731903864,3.524630038198961,85.98784312760938,3.083362805819225,144.2384386953138,3.4277700679902106,25.643190657329054,2.976429578014408,3.886383062634388,3.6444816285352606,1.4503693402458075
2.747917085833769,837.9788413881766,3.5509184603628774,85.98334231149995,3.091966748979059,153.8515352053753,3.453336060917572,25.641848429388343,2.9847351302705856,3.88630677780309,3.671663962732392,1.4502934243319556
2.7581457064629444,837.9569101599568,3.5774029544924693,85.97884173097437,3.1063600402084863,153.84650205011317,3.469411548034076,25.64100957260228,2.9986292518638633,3.8861796397450727,3.6990490361302424,1.4502175123917302
2.768412401268562,837.9349795057118,3.6040849829887693,85.62824113927722,3.123720459265472,153.84046248114458,3.485561867510209,26.057230184909297,3.0181897484820888,2.4734182309945907,3.7266383608573577,1.4501416044249231
2.7787173119748068,837.9130494254266,3.6309660191601147,84.59384951744096,3.1411778999638424,153.83442314927203,3.5115589000663916,26.479687372480317,3.029424409849145,2.473353497737582,3.7544334603204845,1.4500657004313267
2.789060580833404,837.8911199190861,3.6580475473035023,84.58942166640051,3.164606347724677,153.82637107557537,3.53774983126142,26.478301360235317,3.0435265627273713,2.473272583548747,3.782435869288681,1.4499898004107326
2.799442350625587,837.8691909866756,3.6853310627865437,84.58499404712464,3.1793377806562684,153.8213387435416,3.560827090168137,26.477088659032493,3.063379931062487,2.4731593081314087,3.8106471339780694,1.4440770982651323
2.8098627646640657,785.4806826301196,3.705927159435214,84.58167348475598,3.1852495371833967,153.8193258568247,3.574081620160759,26.47639571185376,3.074782804649687,2.47309458165082,3.839068812137211,1.4266326052817797
2.8203219667950044,736.3678118520179,3.7266383608573577,70.8236853927061,3.2000770654038138,153.8142937552709,3.5907191851196,28.35475086756188,3.0833628058192257,2.473046037902064,3.86770247313312,1.4381132283272107
2.8308201014000094,736.3485399447367,3.7544334603204845,70.81997830606977,3.214973616660122,116.91164369523624,3.6175005326050034,29.16526602680573,3.100594700937909,2.4729489532630957,3.8965496980379224,1.4322489559245095
2.8413573133981216,736.329268541831,3.782435869288681,72.55111003972115,3.229939512258706,116.90781900506408,3.6343402152133577,29.164311903650713,3.123720459265472,1.8495256604184263,3.9256120797161547,1.4264085965838262
2.851933748247816,736.3099976432882,3.8106471339780694,74.32455775751909,3.2510088794928644,116.90246464902762,3.65125828755733,29.163357811709197,3.1470187008582817,1.8494288516768131,3.9548912229127207,1.4263339348344835
2.8625495519490105,736.2907272490952,3.83906881213721,74.32066742657564,3.2631101676510275,116.89940512711006,3.678491165406221,29.27970035129041,3.170490712181256,1.8643118673998742,3.984388744341501,1.426259276993121
2.873204871045081,736.271457359239,3.8677024731331193,74.3167772992617,3.272215685287083,116.89711053821952,3.6956147630794653,29.635204082559003,3.194137789294401,1.849235249394948,4.014106272774621,1.4261846230595345
2.8838998526248845,736.252187973706,3.896549698037921,74.31288737556665,3.29050301669945,116.89252149555753,3.7128180721300366,29.63423458567895,3.2090066928631127,1.8491747528382252,4.044045449132388,1.4261099730335192
2.8946346443247895,736.2329190924834,3.925612079716154,69.94616227681384,3.308892549959845,116.88793263304797,3.7405100930911477,29.63268345664068,3.223944812072451,1.5483995816346654,4.0742079265739015,1.4260353269148707
2.9054093943307135,736.2136507155577,3.9548912229127207,68.54597966657205,3.318125820649925,90.2908554775356,3.7684086547472293,29.631132408792332,3.247990576119856,1.548318534575833,4.104595370588331,1.4202203052266056
2.9162242513801697,626.4971993916788,3.984388744341501,68.54239180067964,3.3242956438431084,90.28967394274248,3.7965152975802376,30.47813269156907,3.2722156852870836,1.5482374917592037,4.135209459086885,1.4030640029910086
2.9270793647643196,626.4808029716496,4.014106272774621,64.25503674737367,3.33977044005505,90.286720173403,3.8248315735618026,30.599720314706403,3.296621477218135,1.5481564531845557,4.166051882495454,1.4029905631553614
2.937974884330034,626.4644069807413,4.044045449132387,60.235857531971945,3.3553172723743234,90.28376650069421,3.8497815086074354,30.598318853293648,3.311967448519557,1.548105806229434,4.1971243438479595,1.4029171271637335
2.9489109604819603,626.4480114189412,4.074207926573901,60.476158826643434,3.3646800885308368,90.28199434345028,3.8748941957237952,30.59691745606759,3.411887526295917,1.4986321174713717,4.228428558880385,1.4028436950159269
2.959887744184601,626.4316162862389,4.1045953705883305,61.20923740188793,3.3834841729169054,90.27845013331749,3.9037950600283358,30.595315937829945,,,4.259966256125514,1.4027702667117403
2.9709053869643958,626.415221582623,4.135209459086884,61.20603355920828,3.399234495292471,90.2754967311578,3.932911481175298,27.770787179991782,,,4.291739177008379,1.4026968422509725
2.9819640409118136,626.3988273080824,4.166051882495454,61.202829884225665,3.416115661008952,87.40576104160607,3.9622450668934976,27.994268641236893,,,4.323749075942415,1.385752223953363
2.9930638586834535,626.3824334626058,4.1971243438479595,61.199626376931306,3.411887526295917,88.82826589354951,3.9880913702280547,28.219733178311532,,,4.355997720426333,1.3801014668614755
3.00420499350415,626.3660400461821,4.228428558880385,58.30476221316031,3.4405293174632985,86.0024724071148,4.014106272774621,26.99372607920327,,,4.388486891141718,1.3800292289416864
3.0153875991690895,507.8336350232392,4.259966256125514,57.36856137885177,3.4597572981081295,85.99909619864304,4.044045449132388,26.029965748882226,,,4.421218382051356,1.3799569948030086
3.026611830045933,507.8203442158854,4.291739177008378,57.365558566642086,3.469411548034075,85.9974081441101,4.0742079265739015,26.02860327617787,,,4.454194000498285,1.3798847644452439
3.0378778410769467,507.8070537563731,4.311717481068674,57.36368188882682,3.4855618675102082,85.99459479352008,4.104595370588331,25.922465027209217,,,4.487415567305596,1.3798125378681976
3.0491857877811417,507.7937636446935,4.331788785336265,45.76359137356604,3.5115589000663907,79.3253028856734,4.131370245746929,22.50827493355221,,,4.520884916876974,1.3631443626273432
3.06053582625642,507.7804738808366,4.364097393922041,45.761195994152075,3.53774983126142,73.1732464466241,4.158319777327181,22.50724405881016,,,4.554603897297986,1.3575857948392231
3.0719281131817286,507.7671844647938,4.39664697598101,45.75880074011823,3.5652397961881976,73.16925679632313,4.189334568841242,22.506065974060572,,,4.588574370438132,1.357514735445324
3.083362805819225,507.753895396556,4.429439328811708,40.378022238172704,3.560827090168137,73.16989512575299,4.212747374421923,22.32435242219316,,,4.622798212053645,1.3574436797708491
3.094840062016446,507.74060667611406,4.4624762631178,38.93640073190897,3.5907191851196,74.05635980430651,4.236291026430875,18.542891196224847,,,4.6572773118910735,1.357372627815604
3.1063600402084863,507.7273183034589,4.495759603108071,38.934362704517156,3.6175005326050034,74.35179577664545,4.259966256125514,18.542163255915742,,,4.692013573791622,1.3573015795793935
3.1179228994201873,499.58780471725095,4.529291186597149,36.64652724515025,3.6377175468506135,74.34887694006127,4.279796655327638,18.541556660821055,,,4.72700891579628,1.3409053373637143
3.1295287992683303,499.57472971628437,4.563072865106991,35.91293688787885,3.65125828755733,74.34693111266381,4.279796655327638,18.541556660821055,,,4.762265270251724,1.3354374548565218
3.1411778999638424,499.56165505751125,4.597106503969111,35.911057116052945,3.6614469097683546,74.34547177553561,4.303715023595788,18.540828772901975,,,4.797784583917026,1.3353675547614465
3.152870362314005,499.5485807409225,4.6185063113073275,35.9098823086267,3.675075978704589,74.34352603725668,4.331788785336265,15.031899963557887,,,4.833568818071141,1.3192362761979857
3.164606347724677,499.53550676650974,4.640005736036116,31.05515812352674,3.6990490361302415,74.34012111780135,4.351953522732712,15.031408204497406,,,4.8696199486212075,1.313856754798166
3.17638601820252,499.52243313426305,4.674613178039941,31.05353261984065,3.7266383608573577,61.25090262114856,4.368152876712249,15.031014808832126,,,4.9059399662116485,1.3190981756416116
3.1852495371833967,499.5126281346192,4.705106362618771,31.052110373910036,3.747465310335493,61.24849808776081,4.396646975981011,15.030326391191979,,,4.942530876334092,1.3137192173819296
3.1941377892944,499.5028233274357,4.735798458694734,24.375929312840924,3.7579223926038283,61.24729585646533,4.417113632156783,14.78927440852457,,,4.97015304701122,1.3136676445628326
3.206027385182295,499.48975055056616,4.7711203698786395,24.37465341648927,3.7684086547472293,61.24609364876808,4.437675561848329,10.88411858168651,,,4.997929588866192,2.715179830544374
3.217961237924372,361.71663633281577,4.79333022223135,24.37385601518322,3.7894690445853594,63.507914561819085,4.466623167747379,10.883620091110565,,,5.035206602780759,2.7150377113252286
3.2269407701187016,361.7095362883433,4.815643462782909,23.88640890944469,3.8106471339780694,64.27858454870206,4.491585647613856,10.883192831645488,,,5.072761646976001,2.7148955995449544
3.23594535917123,361.70243638323547,4.851560897228094,22.84851370683027,3.833130200264254,64.27592097176542,4.512494249017596,10.795392771953514,,,5.110596795138322,2.7038249223360777
3.247990576119855,361.69297005987715,4.88774622154243,22.847317759184353,3.8283859256355277,64.27648171563223,4.537713087188694,7.6306874017149875,,,5.148714136420701,2.671162639316307
3.260080629193704,361.6835039842675,4.924201433780152,22.662552383650482,3.8605240982291704,64.27269678946308,4.558836414598685,7.630437768622939,,,5.187115775558043,2.6710228240656835
3.272215685287083,361.6740381563999,4.960928546897963,22.479281198566273,3.889317783287838,64.26933259775198,4.571557580370083,7.630287992687683,,,5.225803832983399,2.67088301613333
3.2813466113363283,361.6669389480763,4.997929588866192,22.478104577461863,3.9110538942632833,64.26680956952829,4.597106503969111,7.629988449636856,,,5.264780444945056,2.6707432155188693
3.29050301669945,361.65983987910124,5.035206602780759,22.476928017944708,3.934129366974861,58.334398558074604,4.6185063113073275,7.629738839410581,,,5.304047763624484,2.659852580883872
3.30275131458678,361.65037467056067,5.068051990940879,22.47589857888547,3.929260085430347,58.33490746803219,4.635697859471336,4.778433497741635,,,5.343607957255186,2.6277214850166746
3.3119674485195563,361.64327592672123,5.101111634365677,36.32163878659367,3.9548912229127207,58.332235740284666,4.665937193742802,4.778214646389684,,,5.383463210242409,2.627583943583367
3.3212092995338134,257.7020078175418,5.129620060460133,36.46701534306009,3.9769938021584763,58.32994578532209,4.700738045296035,4.777964542832338,,,5.423615723283772,2.606334773803348
3.333571895963725,257.69526334946335,5.1439339645354005,36.466299541228715,4.002936313647508,58.32727428481869,4.722620263693608,3.140783236248677,,,5.464067713490777,2.585257445237933
3.345980509906146,257.68851905789825,5.16787928659973,36.1721079996477,4.002936313647508,58.32727428481869,4.735798458694734,3.1407215866079996,,,5.50482141451123,2.5851221264773585
3.3584353126528823,257.6817749428419,5.20642386884125,36.316410824235135,4.021570223004457,48.84012555432323,4.7534266055045284,3.140639388969481,,,5.545879076652582,2.5849868147997017
3.3709364761333407,257.67503100428974,5.24525593551067,34.73841604429379,4.032792178963293,48.83916688383743,4.779991934944783,3.14051609654526,,,5.587242967006184,2.584851510204598
3.3803428767623314,257.66997316620376,5.2843776308080725,34.736597749790086,4.044045449132387,48.83820823216907,4.806705729226686,3.14039280896115,,,5.628915369572464,2.5536264294336672
3.386628388225509,257.6666013293015,5.323791114926032,34.73477955046036,4.0666462818670635,48.83629098528345,4.833568818071141,1.7852956440902243,,,5.67089858538705,2.5432133682768994
3.396078576215317,257.6615436566795,5.353544023001933,34.73341596341803,4.089373423182274,50.0307056211658,4.865098893508468,1.7852138778868138,,,5.713194932647822,2.532842769025049
3.4087198598850668,255.58453376372037,5.368482773768026,34.73273418997094,4.113500992728812,50.433870587721785,4.896834644233453,1.7851321154282802,,,5.755806746842919,2.502245955347113
3.421408198429795,195.84033812012996,5.393473384048205,34.73159793063087,4.10840970248417,50.43431057338336,4.919629704096265,1.7565026881924601,,,5.798736380879699,2.502114981612967
3.4341437670026975,195.83521266953642,5.433700557882925,33.49157140757924,4.135209459086884,50.43200069148185,4.942530876334092,1.4240958986459566,,,5.841986205214657,2.50198401473431
3.4469267414089506,195.830087353084,5.474227765740157,33.35500100821165,4.146748518672362,50.431010774481095,4.97015304701122,1.424039992757403,,,5.88555860798432,2.501853054710783
3.4597572981081295,195.8249621707692,5.50482141451123,33.6238606338653,4.15831977732718,50.430020876911215,,,,,5.929455995137108,2.4816206657688307
3.472635614216649,195.81983712258852,5.520182295970299,33.62320063959943,4.181559251494027,50.428041140062376,,,,,5.973680790566185,2.4615518953741544
3.4855618675102082,195.81471220853842,5.545879076652582,33.622100677944815,4.204928603397188,50.42606148093228,,,,,6.018235436243303,2.451514291544691
3.498536236426243,195.8095874286154,5.587242967006184,33.620340814144775,4.216662210167858,48.04238006069366,,,,,6.0631223923536375,2.4218999282196187
3.5082986967063055,195.80574393169204,5.628915369572464,33.618581042460356,4.236291026430874,45.77077826415402,,,,,6.1026730253563,2.421789005660195
3.5180883985594944,156.21192747619978,5.660373516209429,33.617261274145044,4.256011216014465,45.76928090221237,,,,,6.142481652915182,2.4216780881810034
3.5311838415604058,156.20783916362814,5.69377008862747,33.61586824157546,4.275823204266937,45.76778358925603,,,,,6.188295298340635,2.4215513315680375
3.5443280299616498,156.20375095805394,5.686722895455839,33.61616150679296,4.303715023595787,45.76568743340928,,,,,6.234450644437862,2.392298921663389
3.557521145209096,156.19966285947453,5.734461259731651,32.81040132534777,4.333130189553883,33.68059517554511,,,,,6.280950239778322,2.382543714445364
3.5674481994193625,156.19659685575354,5.777231688640405,33.07443836487073,4.327767063714889,33.68088900544116,,,,,6.327796651941969,2.3632761755261225
3.5774029544924693,156.1935309122145,5.82032112041729,33.610663209681995,4.351953522732712,33.6795667910953,,,,,6.374992467659033,2.344164452449316
3.5907191851196,156.1894430811098,5.863731934342392,33.60890394454733,4.368152876712249,33.67868534370169,,,,,6.422540292952845,2.344041753091512
3.6040849829887693,156.1853553569901,5.9074665274416445,33.60714477149691,4.388486891141718,33.67758356690022,,,,,6.4704427532837405,2.3250855780454094
3.6175005326050034,151.22175383898906,5.951527314619168,32.01745991874192,4.4089155616316535,33.495844806490375,,,,,6.518702493694025,2.306282700854136
3.6309660191601147,151.21779612713354,5.995916728790629,32.01578404580287,4.425326946421422,26.866595487517152,,,,,6.567322178954034,2.3061619843207826
3.6444816285352597,151.21383851885756,6.040637221017574,30.87272056071986,4.433555532770238,26.866243914623386,,,,,6.616304493709261,2.2967580223695103
3.6580475473035023,151.20988101415858,6.085691260642772,30.499777206209572,4.445927109584984,26.865716563908926,,,,,6.665652142628614,2.269013119238084
3.6716639627323913,151.2059236130336,6.1310813354265585,30.49818077253255,4.4624762631178,26.86501344572485,,,,,6.715367850553741,2.259760641231195
3.6853310627865437,151.20196631548006,6.176809951684212,30.49658442241681,4.483249358585488,26.864134573872114,,,,,6.765454362649505,2.2324626675306405
3.6990490361302415,151.19800912149523,6.2228796344243404,30.494988155857975,4.504119154062289,26.863255730771087,,,,,6.815914444555554,2.2233592332854193
3.7128180721300352,144.04981229606608,6.27123430930334,30.493325467039583,4.530693750434309,24.38353291322076,,,,,6.866750882539034,2.1965009896423924
3.7266383608573577,137.23956117608614,6.263472387252694,30.49359149115835,4.525086099692564,23.2315619210877,,,,,6.917966483648441,2.196386019354978
3.7405100930911477,137.23596940027,6.316052393690688,30.491795873393574,4.554603897297986,23.230497919938184,,,,,6.969564075868617,2.196271055085392
3.7544334603204845,137.23237771845626,6.365131064331549,30.490133358629073,4.58005807236855,23.229585957738898,,,,,7.021546508276905,2.178509895961849
3.7684086547472293,137.22878613064253,6.357252926037437,30.49039935489985,4.609934460181467,23.103926757854047,,,,,7.073916651200464,2.160892370645564
3.782435869288681,139.45728051599912,6.410620192485245,30.24362678985927,4.631393982427582,18.531247579870982,,,,,7.1266773963747685,2.1434173175754894
3.7965152975802376,141.72196400836174,6.458433746851561,29.163834853778344,4.6443176158386095,18.53088383469387,,,,,7.179831657103271,2.126083584584082
3.8106471339780694,141.7182549209923,6.506603918192911,29.75644660960016,4.6572773118910735,18.530520096656602,,,,,7.233382368418274,2.10889002882132
3.8248315735618017,141.71454593069555,6.536892550869834,29.996496176419637,4.674613178039941,18.530035123713134,,,,,7.287332487242994,2.0918355166793785
3.83906881213721,141.71083703746893,6.567322178954034,29.99551486009819,4.700738045296035,18.529307688096278,,,,,7.34168499255483,2.0665660833251023
3.853359046238919,141.70712824130987,6.616304493709261,29.63316817574339,4.735798458694734,11.23593006112976,,,,,7.3964428855498605,2.0581391345897155
3.8677024731331193,141.7034195422159,6.665652142628614,29.15734775016803,4.762265270251724,11.235488970993632,,,,,7.451609189808557,2.0332767545026327
3.882099290820287,141.69971094018442,6.702904268263206,29.511172827927293,4.77555409231962,11.235268432419105,,,,,7.507186951462742,2.0249855514710418
3.896549698037921,141.69600243521288,6.721608329692859,29.510593560571394,4.788879996066492,11.23504789817345,,,,,7.563179239363785,1.99247031445114
3.9110538942632833,141.69229402729877,6.752897820839992,29.5096281402454,4.815643462782909,10.40574143390449,,,,,7.619589145252052,1.9843455100559897
3.925612079716154,137.18928486798663,6.796947959717833,29.50827660484844,4.842556501664689,9.560210697110227,,,,,7.676419783927631,1.9603745590809307
3.9402244553615935,137.18569440798092,6.822248359964483,29.507504326699358,4.856069371707091,9.560023042149684,,,,,7.73367429342232,1.9445210858017778
3.9548912229127207,137.18210404194306,6.8540063365070445,28.569563066009113,4.8786746667738505,9.559710292067491,,,,,7.791355835172897,1.9601693427582823
3.969612584833492,137.17851376987076,6.905126882531874,28.568067664508042,4.915062218900056,9.293068952496286,,,,,7.8494675941956915,1.9286948610106815
3.984388744341501,137.1749235917615,6.956628710699962,28.566572341279986,4.942530876334092,8.537949724482225,,,,,7.908012779262442,1.9208301172451212
3.9992199054107807,137.1713335076129,7.008514664800821,28.565077096320838,4.97015304701122,8.606770288037552,,,,,7.966994623077496,1.8976264340465232
4.014106272774621,133.88779508383902,7.060787609834346,27.656549455832053,4.997929588866192,8.817270557249381,,,,,8.026416382456285,1.8822804024289315
4.029048051928393,130.6828563521779,7.113450432169005,27.65510184371859,5.025861364628477,8.816924416694127,,,,,8.086281338505177,1.867058473575816
4.044045449132387,130.67943617567042,7.166506039701223,27.653654307376726,5.053949241849047,8.81657828972733,,,,,8.14659279680264,1.8445043533831087
4.059098671414663,130.67601608867434,7.219957362015944,27.540889499575623,5.072761646976001,8.816347545965028,,,,,8.207354087581772,1.836982917822167
4.074207926573901,130.67259609118747,7.273807350548395,27.208194760348846,5.101111634365677,12.777338290875992,,,,,8.268568565914181,1.8074864431776403
4.089373423182274,133.8702757268316,7.328058978747059,26.77131218561953,5.139158230659793,12.776669493428315,,,,,8.330239611895253,1.7928693701817624
4.1045953705883305,134.9511096198438,7.382715242237856,26.66214535220072,5.172681710472732,12.77608432437793,,,,,8.392370630830785,1.778370504890162
4.119873978919877,134.947577736415,7.437779158989556,26.768509705749615,5.196760855023865,12.775666362893432,,,,,8.454965053425012,1.7287678412957075
4.135209459086884,134.94404594542115,7.493253769480423,26.76710857583024,5.211262111550504,12.775415592565956,,,,,8.518026335970049,1.7147873625903032
4.150602022784396,134.94051424685983,7.5491421368661005,26.765707519249464,5.230660085169519,11.596305583539152,,,,,8.58155796053674,1.6940726818086569
4.166051882495454,134.93698264072864,7.605447347148752,26.764306536003478,5.259892514716576,11.04792181524374,,,,,8.645563435166919,1.6803727815168503
4.181559251494027,134.93345112702517,7.6479516774109575,26.334896099284222,5.289288314645825,11.04748810576792,,,,,8.710046294067118,1.666783671789121
4.1971243438479595,134.92991970574695,7.690693550319712,26.654470662099445,5.325439707738188,11.046958039530479,,,,,8.775010097803717,1.6400200901380049
4.212747374421923,132.76682176904217,7.748054520575592,26.760804398702835,5.3188483979803065,11.047054413318257,,,,,8.84045843349956,1.6267573110655849
4.228428558880385,130.63840103880128,7.805843317124013,26.759403672098262,5.358518982012276,11.046476183202735,,,,,8.906394915032,1.6136017875748383
4.2441681136905824,130.63498202575946,7.864063130903617,25.90830644603022,5.393473384048205,11.045970256679297,,,,,8.972823183232471,1.587692148594643
4.259966256125514,130.63156310219864,7.922717176652634,25.90695034127426,5.423615723283772,10.189435797687459,,,,,9.039746906087515,1.574852543562698
4.275823204266937,130.62814426811642,7.981808693086394,25.905594307500174,5.438750005021831,9.399503841620099,,,,,9.10716977894132,1.5621167719203195
4.291739177008378,130.62472552351048,8.041340943076152,25.904238344704243,5.453926518085891,9.399319341133841,,,,,9.17509552469976,1.5124328078205493
4.307714394058157,130.6213068683785,8.078773868933789,25.903390903998744,5.484406709897018,9.398950351025755,,,,,9.24352789403598,1.5002018221682236
4.3237490759424135,120.49415363128384,8.11638104731326,25.79826962803633,5.525312109143419,9.398458386747865,,,,,9.312470665597479,1.4880697480240679
4.339843444008161,120.49100010919959,8.176917004024338,25.48662578710181,5.551032769414634,9.398150922150764,,,,,9.381927646214772,1.464175779731801
4.355997720426332,120.487846669648,8.23790446763653,25.485291754153142,5.561354527111017,9.398027939128333,,,,,9.45190267111158,1.4523350468002079
4.372212128194853,120.48469331262689,8.299346805710087,25.483957791031052,5.576873160906768,9.397843467612173,,,,,9.52239960411661,1.4290148713823072
4.388486891141718,120.48154003813423,8.361247410922186,25.482623897731884,5.592435098540408,9.397658999716958,,,,,9.5934223378769,1.3947713274533518
4.404822233928082,120.47838684616761,8.423609701254248,25.276546903325855,5.60804046084876,9.397474535442635,,,,,9.664974794072762,1.3779224496030098
4.421218382051356,118.54696533066686,8.486437120180687,24.670843938584056,5.628915369572464,8.80988917184811,,,,,9.737060923634328,1.3612771066828975
4.437675561848329,116.64650695443278,8.549733136859032,24.669552605672415,5.644622527938621,8.809716244759228,,,,,9.809684706959702,1.3502685113426056
4.454194000498285,116.64345413133186,8.6135012463215,24.668261340352327,5.67089858538705,8.809428040487388,,,,,9.88285015413476,1.3073224951109725
4.4707739260261405,116.64040138812814,8.677744969667973,24.666970142620258,5.697296959463671,8.809139845643967,,,,,9.9473174292733,1.3002506041600972
4.487415567305596,116.63734872481953,8.742467854260422,24.665679012472665,5.718504109239235,8.392669643124341,,,,,10.002909697017461,1.286288707893068
4.5041191540622885,116.63429614140392,8.80767347391879,24.66438794990604,5.739790198765492,7.618066209916128,,,,,10.068160138091264,1.2707586177358634
4.520884916876972,115.69410699440883,8.873365429118325,24.268351336430246,5.755806746842919,7.617916676819073,,,,,10.143253421997821,1.245320565661938
4.537713087188693,114.76149671281927,8.939547347188388,24.072094117288582,5.787974047427145,8.391955803578393,,,,,10.218906788502444,1.2253244262678364
4.554603897297985,114.75849322341016,9.006222882512738,23.87742402269161,5.814917414822831,8.66689735657795,,,,,10.295124414976266,1.2056493653186702
4.571557580370082,114.755489812607,9.073395716731333,23.49402370610243,5.825729847585069,8.666783942647822,,,,,10.371910509947309,1.176758338478431
4.58857437043813,114.75248648040782,9.141069558943602,23.116779656731254,5.8528489705018805,8.666500414315468,,,,,10.449269313332865,1.1578631042566478
4.605654502406424,114.7494832268106,9.209248145913266,22.745593023261485,5.896502393110972,8.666046788276503,,,,,10.527205096673608,1.139271271221516
4.622798212053644,112.9099033104573,9.277935242274657,22.744402462738346,5.923950966484888,8.665763284059688,,,,,10.605722163369464,1.1119708654634313
4.640005736036116,112.90694828016836,9.347134640740608,22.110011068530124,5.951527314619168,7.025823549501964,,,,,10.684824848917229,1.0941159251042256
4.6572773118910735,112.90399332721724,9.416850162311864,21.580187936205014,5.984788432736033,7.025547735977953,,,,,10.764517521149964,1.0678975788189713
4.674613178039941,112.90103845160189,9.487085656488068,20.97826904497219,6.001488634023312,7.025409833276332,,,,,10.844804580478172,1.0423075038769642
4.692013573791622,112.8980836533203,9.540105841043072,20.977445498768343,6.018235436243303,6.968823596166499,,,,,10.925690460132776,1.0214425872904422
4.709478739345807,112.89512893237045,9.56672694714198,20.977033737790254,6.051869363992955,5.254289914627115,,,,,11.007179626409929,1.0091035313852585
4.72700891579628,105.8362616663202,9.611260636615869,20.97634748745417,6.091346591847898,5.254049269141119,,,,,11.089276578917598,0.9770084508333352
4.744604345134258,105.83349176439201,9.682946139606106,19.664268246598926,6.1310813354265585,5.2538086346766315,,,,,11.17198585082404,0.9535963559174073
4.762265270251724,105.83072193495653,9.755166308290391,19.193052553173796,6.159621887889239,5.253636759663876,,,,,11.255312009108113,0.9307452860242262
4.779991934944783,105.82795217801184,9.827925130468106,18.961199924948342,6.176809951684212,5.253533637355165,,,,,11.33925965481144,0.9121136224470575
4.797784583917026,105.82518249355607,9.901226623681596,18.73214808315672,6.211330099963417,5.232179485611466,,,,,11.423833423292477,0.897467794183541
4.815643462782909,105.82241288158731,9.975074835438015,17.846080186885665,6.240244215252788,5.169076069056877,,,,,11.509037984482458,0.872435444085892
4.833568818071141,105.81964334210367,10.049473843432805,17.418433810995822,6.257657250926108,5.16897460656861,,,,,11.59487804314326,0.8446871655560834
4.851560897228094,105.81687387510324,10.124427755774876,17.277571610092313,6.29262922802628,5.16877168756676,,,,,11.681358339127183,0.8244458912074355
4.8696199486212075,105.81410448058413,10.199940711213424,17.843278009806934,6.339562747821136,5.168501141289157,,,,,11.768483647638677,0.7982239462176262
4.88774622154243,107.53244758027493,10.279199004134178,17.842305134569905,6.386846320860909,5.168230609172614,,,,,11.856258779498006,0.779096071963239
4.9059399662116485,107.52963328648558,10.266476414373049,17.84246079104315,6.4165774747176245,5.1680615337906115,,,,,11.944688581406904,0.7604265597703094
4.924201433780152,107.52681906635074,10.35266046095109,17.69805370195285,6.448443269158507,4.013570674912869,,,,,12.033777936216179,0.7362407840490134
4.942530876334092,107.52400491986847,10.429875688015386,17.48426070295462,6.44046201514461,3.9920771409239935,,,,,12.11167403150659,0.7060265637739883
4.960928546897963,107.52119084703688,10.507666824172137,17.273050329548504,6.494527797394908,4.433237907956199,,,,,12.400227006978874,0.650464983851074
4.979394699438105,107.51837684785399,10.586038164834253,16.723671673680272,6.5429671758950265,4.541604487682071,,,,,12.505780507435837,0.6294887253597654
4.997929588866192,107.51556292231791,10.66499403745193,16.12658436201696,6.591767839073982,4.541366768884886,,,,,12.594427784359619,0.6017658637111525
5.016533471042765,107.5127490704267,10.71464022630304,15.932087484874796,6.628607049767988,4.223150063696817,,,,,12.683703437873037,0.5799888557446214
5.035206602780759,107.50993529217843,10.764517521149964,14.996190976548368,6.665652142628614,3.9272310227613922,,,,,12.8037228204998,0.5635819244528574
5.053949241849047,107.50712158757116,10.844804580478172,14.114994647948793,6.696681154358636,3.927102545892684,,,,,12.894482062743762,0.5365625943668587
5.072761646976001,107.50430795660311,10.925690460132776,13.178828451338864,6.715367850553741,3.927025461788937,,,,,12.998120517292772,0.5192611937200959
5.091644077853061,180.15622424467765,10.98675053121909,12.304913780420438,6.734106690879147,3.9269483791982456,,,,,12.214771304621003,0.6888704950184303
5.110596795138322,180.15150927208646,11.017408414522178,12.304672250376475,6.765454362649505,3.9268199115760503,,,,,12.295564417845046,0.6693968037215456
5.129620060460133,180.14679442289355,11.037894515905574,12.107571168814873,6.815914444555554,3.92661437212217,,,,,,
5.148714136420701,180.14207969709568,11.078981066926383,10.814197786022682,6.8540063365070445,3.926460224592014,,,,,,
5.16787928659973,180.1373650946896,11.140897828524091,10.247536416545636,6.885912148340971,3.926331772939487,,,,,,
5.1822999508027445,180.1338292238591,11.182367790606957,9.202218201975256,6.917966483648441,3.894656126888983,,,,,,
5.196760855023865,183.06026765510632,11.223992117067054,9.20197736540809,6.943717353298542,3.287613220083293,,,,,,
5.216104850357866,183.05547667911785,11.29720785712976,7.551294304815415,6.982523493445268,3.2874841578913054,,,,,,
5.235520850189653,183.05068582851678,11.349797039345491,7.460220886681845,7.021546508276905,3.2873551007659194,,,,,,
5.255009122542849,183.04589510329984,11.402631027368205,5.85635547784638,7.060787609834346,2.708579150143356,,,,,,
5.274569936438746,183.0411045034639,11.466356561570613,4.523691667450383,7.113450432169005,2.697534229863196,,,,,,
5.294203561900016,183.03631402900535,11.498352757386408,4.523602873049479,7.166506039701223,2.6649479385898736,,,,,,
5.308976726588002,183.0327212554384,11.530438236710983,4.523514080391506,7.213254205406248,2.664825884477466,,,,,,
5.3188483979803065,183.03032611223924,11.56261324868473,3.329109094964704,7.704993857783382,2.497110379054433,,,,,,
5.33369033263867,183.02673345620778,11.616437908964956,3.329000185275001,7.762461486756803,2.496979674129036,,,,,,
5.353544023001933,183.0219433578622,11.703079009018634,2.223861175063338,7.8130971568938925,2.4968653129314258,,,,,,
5.3734716151098505,183.01715338488106,11.790366320955622,1.584640942274486,,,,,,,,
5.393473384048205,183.01236353726105,11.845251185488909,1.5845891017524751,,,,,,,,
5.413549605926728,183.00757381499892,11.900391542368475,1.1110690565558985,,,,,,,,
5.433700557882925,183.00278421809136,11.989150508101384,0.8616934053225836,,,,,,,,
5.453926518085891,182.9979947465353,12.078571481800157,0.778994126433259,,,,,,,,
5.474227765740157,182.9932054003271,12.216151846989238,0.7062795853754688,,,,,,,,
5.4946045810895425,182.98841617946363,,,,,,,,,,
5.515057245421022,182.98362708394163,,,,,,,,,,
5.53558604106861,182.9788381137578,,,,,,,,,,
5.556191251417259,182.9740492689089,,,,,,,,,,
5.576873160906768,184.45133429665526,,,,,,,,,,
5.597632055035715,185.9405465406485,,,,,,,,,,
5.618468220365391,185.93568018321787,,,,,,,,,,
5.63938194452376,185.9308139531475,,,,,,,,,,
5.660373516209429,185.9259478504342,,,,,,,,,,
5.681443225195633,185.92108187507432,,,,,,,,,,
5.702591362334237,185.91621602706468,,,,,,,,,,
5.723818219559746,185.91135030640194,,,,,,,,,,
5.74512408989334,185.90648471308282,,,,,,,,,,
5.766509267446914,185.90161924710395,,,,,,,,,,
5.787974047427145,188.9205245832371,,,,,,,,,,
5.809518726139561,188.91558023508006,,,,,,,,,,
5.8311436009926325,188.91063601632442,,,,,,,,,,
5.8528489705018805,188.90569192696677,,,,,,,,,,
5.874635134293995,188.90074796700392,,,,,,,,,,
5.896502393110972,188.89580413643213,,,,,,,,,,
5.918451048814264,188.8908604352482,,,,,,,,,,
5.940481404388947,188.8859168634487,,,,,,,,,,
5.962593763947908,188.8809734210303,,,,,,,,,,
5.984788432736033,188.87603010798958,,,,,,,,,,
6.007065717134429,188.87108692432315,,,,,,,,,,
6.029425924664655,188.86614387002763,,,,,,,,,,
6.051869363992955,188.86120094509965,,,,,,,,,,
6.0743963449345335,188.85625814953582,,,,,,,,,,
6.0970071784578215,188.8513154833329,,,,,,,,,,
6.119702176688775,188.8463729464872,,,,,,,,,,
6.142481652915182,188.8414305389955,,,,,,,,,,
6.165345921590989,188.83648826085437,,,,,,,,,,
6.188295298340635,188.83154611206044,,,,,,,,,,
6.211330099963417,188.82660409261038,,,,,,,,,,
6.234450644437862,188.82166220250073,,,,,,,,,,
6.257657250926108,188.81672044172817,,,,,,,,,,
6.280950239778322,188.81177881028927,,,,,,,,,,
6.304329932537112,188.80683730818066,,,,,,,,,,
6.327796651941969,188.80189593539916,,,,,,,,,,
6.351350721933729,188.79695469194098,,,,,,,,,,
6.374992467659033,188.79201357780292,,,,,,,,,,
6.398722215474823,188.78707259298164,,,,,,,,,,
6.422540292952845,188.78213173747372,,,,,,,,,,
6.4464470288841715,188.77719101127576,,,,,,,,,,
6.4704427532837405,188.77225041438442,,,,,,,,,,
6.494527797394908,188.7673099467963,,,,,,,,,,
6.518702493694025,188.76236960850798,,,,,,,,,,
6.5429671758950265,188.75742939951633,,,,,,,,,,
6.567322178954034,188.75248931981756,,,,,,,,,,
6.591767839073982,188.74754936940843,,,,,,,,,,
6.616304493709261,188.74260954828563,,,,,,,,,,
6.640932481570376,188.7376698564457,,,,,,,,,,
6.665652142628614,188.73273029388534,,,,,,,,,,
6.6904638181207465,188.72779086060112,,,,,,,,,,
6.715367850553741,188.72285155658963,,,,,,,,,,
6.740364583709478,188.71791238184755,,,,,,,,,,
6.765454362649505,188.71297333637145,,,,,,,,,,
6.790637533719802,188.70803442015816,,,,,,,,,,
6.815914444555554,188.7030956332039,,,,,,,,,,
6.841285444085958,188.6981569755055,,,,,,,,,,
6.866750882539034,188.69321844705954,,,,,,,,,,
6.892311111446464,188.68828004786266,,,,,,,,,,
6.917966483648441,188.6833417779115,,,,,,,,,,
6.943717353298542,188.67840363720265,,,,,,,,,,
6.969564075868617,188.67346562573272,,,,,,,,,,
6.995507008153694,188.66852774349834,,,,,,,,,,
7.021546508276905,188.66358999049615,,,,,,,,,,
7.04768293569443,188.65865236672292,,,,,,,,,,
7.073916651200464,188.6537148721749,,,,,,,,,,
7.100248016932187,188.6487775068489,,,,,,,,,,
7.1266773963747685,187.1280795725912,,,,,,,,,,
7.15320515436639,185.6196399855002,,,,,,,,,,
7.179831657103271,185.61478202670037,,,,,,,,,,
7.206557272144735,185.60992419504095,,,,,,,,,,
7.233382368418274,185.60506649051865,,,,,,,,,,
7.260307316224649,185.60020891313016,,,,,,,,,,
7.287332487242994,185.59535146287212,,,,,,,,,,
7.314458254535953,185.59049413974142,,,,,,,,,,
7.34168499255483,185.58563694373433,,,,,,,,,,
7.369013077144751,185.5807798748477,,,,,,,,,,
7.3964428855498605,185.57592293307826,,,,,,,,,,
7.423974796418524,185.57106611842264,,,,,,,,,,
7.451609189808557,185.5662094308775,,,,,,,,,,
7.479346447192472,185.56135287043955,,,,,,,,,,
7.507186951462742,185.55649643710547,,,,,,,,,,
7.535131086937088,184.06072538282572,,,,,,,,,,
7.563179239363785,182.57701174011487,,,,,,,,,,
7.591331795926981,182.57223341169623,,,,,,,,,,
7.619589145252052,182.5674552083338,,,,,,,,,,
7.6479516774109575,182.5626771300245,,,,,,,,,,
7.676419783927631,182.55789917676503,,,,,,,,,,
7.704993857783382,182.55312134855214,,,,,,,,,,
7.73367429342232,182.54834364538257,,,,,,,,,,
7.762461486756803,182.543566067253,,,,,,,,,,
7.791355835172897,182.5387886141602,,,,,,,,,,
7.820357737535871,182.5340112861009,,,,,,,,,,
7.8494675941956915,179.60775931728296,,,,,,,,,,
7.878685806992555,179.60305869888413,,,,,,,,,,
7.908012779262442,179.59835820350793,,,,,,,,,,
7.937448915842672,179.5936578311511,,,,,,,,,,
7.966994623077496,179.5889575818104,,,,,,,,,,
7.996650308823711,179.58425745548266,,,,,,,,,,
8.026416382456285,178.1366286240271,,,,,,,,,,
8.056293254874012,176.70066912964685,,,,,,,,,,
8.086281338505177,176.6960445943843,,,,,,,,,,
8.11638104731326,176.6914201801531,,,,,,,,,,
8.14659279680264,173.85883236524444,,,,,,,,,,
8.16932538644072,173.8554197341465,,,,,,,,,,
8.192121410037576,173.85200717003443,,,,,,,,,,
8.22261508922586,173.8474571887492,,,,,,,,,,
8.253222275578393,173.84290732654418,,,,,,,,,,
8.283943391604913,173.8383575834162,,,,,,,,,,
8.314778861387868,173.8338079593622,,,,,,,,,,
8.337980764379937,171.04815045769973,,,,,,,,,,
8.361247410922186,171.04479299676692,,,,,,,,,,
8.392370630830785,171.04031648470507,,,,,,,,,,
8.423609701254248,171.03584008980062,,,,,,,,,,
8.454965053425012,168.29391840476876,,,,,,,,,,
8.486437120180687,168.2895138874346,,,,,,,,,,
8.518026335970049,168.28510948537362,,,,,,,,,,
8.549733136859032,168.28070519858278,,,,,,,,,,
8.57359066598355,168.27740205913378,,,,,,,,,,
8.597514768144535,168.27409898452146,,,,,,,,,,
8.629517450237982,168.26969498589278,,,,,,,,,,
8.66163925648402,168.26529110252372,,,,,,,,,,
8.693880630300606,168.26088733441122,,,,,,,,,,
8.726242016756233,166.9045361978314,,,,,,,,,,
8.758723862576078,162.90925931530913,,,,,,,,,,
8.791326616148176,162.90499572299782,,,,,,,,,,
8.824050727529604,162.90073224227146,,,,,,,,,,
8.856896648452693,160.28922666538088,,,,,,,,,,
8.889864832331266,160.28503164345722,,,,,,,,,,
8.922955734266896,160.2808367313239,,,,,,,,,,
8.956169811055188,157.71133140601924,,,,,,,,,,
8.989507521192087,157.70720385168124,,,,,,,,,,
9.014592214956071,157.70410825681913,,,,,,,,,,
9.039746906087515,156.4338788645424,,,,,,,,,,
9.073395716731333,155.17286525193848,,,,,,,,,,
9.10716977894132,155.16880413326442,,,,,,,,,,
9.141069558943602,153.9179882889999,,,,,,,,,,
9.17509552469976,152.67725527217618,,,,,,,,,,
9.209248145913266,152.67325946755201,,,,,,,,,,
9.24352789403598,151.44256021067363,,,,,,,,,,
9.269321416759457,150.22276452273923,,,,,,,,,,
9.295186914796055,150.21981583804572,,,,,,,,,,
9.329786554326255,149.00889379206959,,,,,,,,,,
9.364514984709892,145.44199380109478,,,,,,,,,,
9.399372685347451,145.4381873546772,,,,,,,,,,
9.434360137423896,143.10662854495558,,,,,,,,,,
9.469477823915316,140.8124475833909,,,,,,,,,,
9.504726229595587,140.80876229950113,,,,,,,,,,
9.540105841043072,139.67370276302222,,,,,,,,,,
9.575617146647332,138.54779294230187,,,,,,,,,,
9.611260636615869,138.5441669279966,,,,,,,,,,
9.647036802980889,137.4273622964733,,,,,,,,,,
9.682946139606106,136.31956022790624,,,,,,,,,,
9.718989142193543,136.31599252996622,,,,,,,,,,
9.755166308290391,131.98384329674892,,,,,,,,,,
9.791478137295865,131.9803890713609,,,,,,,,,,
9.827925130468106,131.97693493637524,,,,,,,,,,
9.864507790931093,127.7826818126172,,,,,,,,,,
9.901226623681596,127.77933753825253,,,,,,,,,,
9.938082135596142,125.73087251296188,,,,,,,,,,
9.975074835438015,123.7152469830128,,,,,,,,,,
10.012205233864274,123.71200915983415,,,,,,,,,,
10.049473843432805,120.75065327612803,,,,,,,,,,
10.086881178609405,119.77728217124181,,,,,,,,,,
10.124427755774876,119.77414741081469,,,,,,,,,,
10.16211409323214,117.85401574765271,,,,,,,,,,
10.199940711213424,117.85093132214178,,,,,,,,,,
10.237908131887407,115.96163125483577,,,,,,,,,,
10.276016879366468,114.1026190664992,,,,,,,,,,
10.314267479713873,114.09963282095738,,,,,,,,,,
10.35266046095109,112.27047083174087,,,,,,,,,,
10.391196353065025,110.47063263174326,,,,,,,,,,
10.429875688015386,110.46774144101602,,,,,,,,,,
10.468698999741981,106.95705474536845,,,,,,,,,,
10.507666824172137,106.9542555105174,,,,,,,,,,
10.54677969922805,104.39403830933794,,,,,,,,,,
10.586038164834253,101.89510630046736,,,,,,,,,,
10.62544276292503,101.8924395447924,,,,,,,,,,
10.66499403745193,100.25897436356492,,,,,,,,,,
10.704692534391267,100.2563504280438,,,,,,,,,,
10.734563351388728,100.25438252146947,,,,,,,,,,
10.764517521149964,93.98650399638868,,,,,,,,,,
10.804586476122287,93.98404422131212,,,,,,,,,,
10.844804580478172,91.7343014176875,,,,,,,,,,
10.885172389399012,89.53841182632243,,,,,,,,,,
10.925690460132776,89.53606846483507,,,,,,,,,,
10.966359352001687,85.30306669397544,,,,,,,,,,
11.007179626409929,85.30083417815152,,,,,,,,,,
11.048151846851429,82.58995677837444,,,,,,,,,,
11.089276578917598,79.9652315991169,,,,,,,,,,
11.130554390305178,79.96313878285802,,,,,,,,,,
11.17198585082404,74.96337317576004,,,,,,,,,,
11.213571532405089,74.9614112660267,,,,,,,,,,
11.255312009108113,72.57912277360629,,,,,,,,,,
11.29720785712976,70.27254388116904,,,,,,,,,,
11.33925965481144,69.70607685324862,,,,,,,,,,
11.381467982647358,64.82257217799634,,,,,,,,,,
11.423833423292477,64.82087566902257,,,,,,,,,,
11.466356561570613,60.767893385873,,,,,,,,,,
11.509037984482458,60.76630299423963,,,,,,,,,,
11.551878281213725,58.362395199767796,,,,,,,,,,
11.59487804314326,56.05358571471376,,,,,,,,,,
11.638037863851197,56.052118703949134,,,,,,,,,,
11.681358339127183,51.706362188507846,,,,,,,,,,
11.724840066978564,51.70500895144084,,,,,,,,,,
11.768483647638677,46.93288289967148,,,,,,,,,,
11.812289683575099,46.931654592087746,,,,,,,,,,
11.856258779498006,45.07504386011555,,,,,,,,,,
11.900391542368475,43.29188043018361,,,,,,,,,,
11.944688581406904,41.916055898304656,,,,,,,,,,
11.989150508101384,40.583955342462566,,,,,,,,,,
12.033777936216179,40.582893196328655,,,,,,,,,,
12.078571481800157,36.24768565346293,,,,,,,,,,
12.123531763195343,36.2467369943474,,,,,,,,,,
12.168659401045394,33.98037787247772,,,,,,,,,,
12.213955018304228,33.979488552383565,,,,,,,,,,
12.248037343788576,33.978821577587134,,,,,,,,,,
12.282214774004249,30.349282791953087,,,,,,,,,,
12.327933080446975,30.348488503345372,,,,,,,,,,
12.373821564954682,28.450922557885477,,,,,,,,,,
12.41988086098422,28.45017795235982,,,,,,,,,,
12.46611160435034,26.457000552136737,,,,,,,,,,
12.512514433234518,25.003658698691673,,,,,,,,,,
12.559089988193746,23.440282939358244,,,,,,,,,,
12.605838912169347,21.974658624896357,,,,,,,,,,
12.652761850495912,20.767541777625826,,,,,,,,,,
12.688068640722195,19.626862959912064,,,,,,,,,,
12.723473952476887,19.626477709177447,,,,,,,,,,
12.770834765805644,16.97324851720148,,,,,,,,,,
12.806471031580548,16.972915353594384,,,,,,,,,,
12.830283769934756,16.97269324815606,,,,,,,,,,
12.85414078641262,16.7008179695502,,,,,,,,,,
12.890009512754546,14.916875391262547,,,,,,,,,,
12.93799022436049,14.916484993101669,,,,,,,,,,
12.986149535422383,12.490344792417277,,,,,,,,,,
13.034488110744165,12.591188597464788,,,,,,,,,,
13.083006617604367,10.458538329337145,,,,,,,,,,
13.11951398063189,10.458333041330476,,,,,,,,,,
13.143908800483883,10.458196184897986,,,,,,,,,,
13.168348980799417,8.479216536501431,,,,,,,,,,
13.205094486688582,8.479050100102171,,,,,,,,,,
13.241942528757871,8.478883666969848,,,,,,,,,,
13.266564995943497,6.656147620148213,,,,,,,,,,
13.303584567865402,6.656016968308143,,,,,,,,,,
13.340707440732627,6.6558863190326045,,,,,,,,,,
13.365513554373365,5.141416981961325,,,,,,,,,,
13.402809236447103,5.182961361381139,,,,,,,,,,
13.440208989935359,5.14121514479216,,,,,,,,,,
13.477713105243312,3.814358663052309,,,,,,,,,,
13.515321873586505,3.7836358712363585,,,,,,,,,,
13.540452670568357,3.7835863590526158,,,,,,,,,,
13.565630196511815,2.7845727792842956,,,,,,,,,,
13.603484292344405,2.7399504693746364,,,,,,,,,,
13.641444017812368,2.739896687579082,,,,,,,,,,
13.666809330111805,1.8303961360489507,,,,,,,,,,
13.704945760385483,1.8303602076656156,,,,,,,,,,
13.743188608132245,1.8303242799875135,,,,,,,,,,
13.768743107390545,1.2426427215265885,,,,,,,,,,
13.80716397789426,1.2426183300065434,,,,,,,,,,
13.845692059584845,1.2425939389652707,,,,,,,,,,
13.884327651628833,0.7657739871563289,,,,,,,,,,
13.936009531323025,0.76575394564305,,,,,,,,,,
